INSERT INTO role (role_id, role) VALUES (2, 'PRACOWNIK');
INSERT INTO role (role_id, role) VALUES (3, 'KLIENT');
INSERT INTO user (user_id, active, name, last_name, email, password) VALUES (1, 1, 'seba', 'fol', 'seba@seba.pl', '$2a$10$4ycUgRv3QQUYRLOvIvOz.eE5RqGEMmZRd80CcHQ1w/EIHgN9GapS2');
INSERT INTO user (user_id, active, name, last_name, email, password) VALUES (2, 1, 'seba2', 'fol2', 'seba2@seba2.pl', '$2a$10$tHbmYxPY9rYdWaSEVEwwZOfjrg8r02i0PE/Nq6xBhskNjY9BqWqMS');
INSERT INTO user (user_id, active, name, last_name, email, password) VALUES (4, 1, 'seba', 'fol', 'seba3@seba3.pl', '$2a$10$YZvJnxWzYJ.nqKNXNS/nY.AHKKDnZNUWlhdjlTuwgR5mHZjricQ02');
INSERT INTO user (user_id, active, name, last_name, email, password) VALUES (5, 1, 'seba4', 'fol4', 'seba4@seba4.pl', '$2a$10$dECMTaVM/Ejb544FpQEWk.43ADOwMXw4R1U5lr.t21WI7Tn7c1YM6');
INSERT INTO user (user_id, active, name, last_name, email, password) VALUES (6, 1, 'seba5', 'fol5', 'seba5@seba5.pl', '$2a$10$vKUbKidlb6/KUtvfeqnRw.L6NFH.ntS8a1bLeU5sPLNb080KjFvpy');
INSERT INTO user_role (user_id, role_id) VALUES (1, 3);
INSERT INTO user_role (user_id, role_id) VALUES (2, 2);
INSERT INTO user_role (user_id, role_id) VALUES (4, 2);
INSERT INTO user_role (user_id, role_id) VALUES (5, 3);
INSERT INTO user_role (user_id, role_id) VALUES (1, 2);
INSERT INTO place (place_id, name) VALUES (1, 'przy ścianie');
INSERT INTO place (place_id, name) VALUES (4, 'przy oknie');
INSERT INTO place (place_id, name) VALUES (5, 'na środku restauracji');
INSERT INTO restaurant_table (table_id, chairs, place_id) VALUES (7, 9, 4);
INSERT INTO restaurant_table (table_id, chairs, place_id) VALUES (10, 20, 5);
INSERT INTO restaurant_table (table_id, chairs, place_id) VALUES (11, 3, 4);
INSERT INTO restaurant_table (table_id, chairs, place_id) VALUES (12, 2, 5);
INSERT INTO restaurant_table (table_id, chairs, place_id) VALUES (13, 2, 1);
INSERT INTO reservation (reservation_id, date, beginning_hour, duration, user_id, restaurant_table_id) VALUES (1, '2019-07-29', 8, 3, 1, 7);
INSERT INTO reservation (reservation_id, date, beginning_hour, duration, user_id, restaurant_table_id) VALUES (2, '2019-07-29', 11, 1, 1, 7);
INSERT INTO reservation (reservation_id, date, beginning_hour, duration, user_id, restaurant_table_id) VALUES (3, '2019-07-30', 9, 2, 1, 10);
INSERT INTO reservation (reservation_id, date, beginning_hour, duration, user_id, restaurant_table_id) VALUES (4, '2019-07-30', 12, 1, 1, 10);
INSERT INTO reservation (reservation_id, date, beginning_hour, duration, user_id, restaurant_table_id) VALUES (25, '2019-07-29', 17, 2, 2, 7);
INSERT INTO reservation (reservation_id, date, beginning_hour, duration, user_id, restaurant_table_id) VALUES (26, '2019-07-31', 8, 1, 1, 7);
INSERT INTO reservation (reservation_id, date, beginning_hour, duration, user_id, restaurant_table_id) VALUES (27, '2019-08-23', 14, 2, 1, 10);
INSERT INTO reservation (reservation_id, date, beginning_hour, duration, user_id, restaurant_table_id) VALUES (29, '2019-08-27', 8, 4, 1, 11);
INSERT INTO reservation (reservation_id, date, beginning_hour, duration, user_id, restaurant_table_id) VALUES (38, '2019-08-28', 14, 4, 1, 12);
INSERT INTO reservation (reservation_id, date, beginning_hour, duration, user_id, restaurant_table_id) VALUES (39, '2019-08-29', 8, 1, 1, 11);
INSERT INTO reservation (reservation_id, date, beginning_hour, duration, user_id, restaurant_table_id) VALUES (42, '2019-09-15', 9, 7, 1, 12);
INSERT INTO reservation (reservation_id, date, beginning_hour, duration, user_id, restaurant_table_id) VALUES (43, '2019-09-16', 14, 1, 1, 12);
INSERT INTO reservation (reservation_id, date, beginning_hour, duration, user_id, restaurant_table_id) VALUES (44, '2019-09-15', 9, 9, 5, 10);
INSERT INTO reservation (reservation_id, date, beginning_hour, duration, user_id, restaurant_table_id) VALUES (45, '2019-09-20', 8, 1, 1, 10);
INSERT INTO reservation (reservation_id, date, beginning_hour, duration, user_id, restaurant_table_id) VALUES (46, '2019-09-25', 14, 2, 1, 10);
INSERT INTO reservation (reservation_id, date, beginning_hour, duration, user_id, restaurant_table_id) VALUES (47, '2019-10-06', 8, 1, 1, 10);
INSERT INTO reservation (reservation_id, date, beginning_hour, duration, user_id, restaurant_table_id) VALUES (48, '2019-10-07', 8, 1, 1, 7);
INSERT INTO reservation (reservation_id, date, beginning_hour, duration, user_id, restaurant_table_id) VALUES (49, '2019-10-12', 14, 2, 1, 13);
INSERT INTO status (status_id, name) VALUES (1, 'przygotowywane');
INSERT INTO status (status_id, name) VALUES (2, 'wykonane');
INSERT INTO restaurant_order (order_id, date_time, status_id, cost, reservation_id) VALUES (1, '2019-08-25 20:17:33', 1, 34.54, 39);
INSERT INTO restaurant_order (order_id, date_time, status_id, cost, reservation_id) VALUES (2, '2019-08-25 20:45:46', 1, 18.23, 25);
INSERT INTO restaurant_order (order_id, date_time, status_id, cost, reservation_id) VALUES (3, '2019-08-28 17:55:31', 1, 0, 39);
INSERT INTO restaurant_order (order_id, date_time, status_id, cost, reservation_id) VALUES (4, '2019-08-31 08:34:42', 1, 22, 42);
INSERT INTO restaurant_order (order_id, date_time, status_id, cost, reservation_id) VALUES (5, '2019-08-31 08:39:42', 1, 64.98, 43);
INSERT INTO restaurant_order (order_id, date_time, status_id, cost, reservation_id) VALUES (6, '2019-08-31 14:49:11', 1, 183.48, 44);
INSERT INTO restaurant_order (order_id, date_time, status_id, cost, reservation_id) VALUES (7, '2019-08-31 14:50:25', 1, 72, 44);
INSERT INTO restaurant_order (order_id, date_time, status_id, cost, reservation_id) VALUES (8, '2019-09-24 09:19:18', 1, 47.31, 46);
INSERT INTO restaurant_order (order_id, date_time, status_id, cost, reservation_id) VALUES (9, '2019-10-05 15:41:42', 1, 69.5, 47);
INSERT INTO restaurant_order (order_id, date_time, status_id, cost, reservation_id) VALUES (10, '2019-10-06 13:10:14', 1, 154.42, 47);
INSERT INTO restaurant_order (order_id, date_time, status_id, cost, reservation_id) VALUES (11, '2019-10-08 18:36:28', 1, 90.29, 49);
INSERT INTO category (category_id, name) VALUES (1, 'danie obiadowe');
INSERT INTO category (category_id, name) VALUES (2, 'zupa');
INSERT INTO category (category_id, name) VALUES (3, 'owoce morza');
INSERT INTO category (category_id, name) VALUES (4, 'deser');
INSERT INTO category (category_id, name) VALUES (5, 'pizza');
INSERT INTO measurement_unit (measurement_unit_id, name) VALUES (1, 'g');
INSERT INTO measurement_unit (measurement_unit_id, name) VALUES (2, 'kg');
INSERT INTO ingredient (ingredient_id, name, measurement_unit_id) VALUES (1, 'skladanik1', 1);
INSERT INTO ingredient (ingredient_id, name, measurement_unit_id) VALUES (2, 'skladanik2', 2);
INSERT INTO ingredient (ingredient_id, name, measurement_unit_id) VALUES (4, 'skladanik3', 2);
INSERT INTO ingredient (ingredient_id, name, measurement_unit_id) VALUES (7, 'skladanik5', 2);
INSERT INTO ingredient (ingredient_id, name, measurement_unit_id) VALUES (8, 'skladanik4', 2);
INSERT INTO dish (dish_id, name, price, category_id) VALUES (1, 'danie1', 22, 1);
INSERT INTO dish (dish_id, name, price, category_id) VALUES (2, 'danie2', 45.5, 1);
INSERT INTO dish (dish_id, name, price, category_id) VALUES (3, 'danie3', 32.49, 2);
INSERT INTO dish (dish_id, name, price, category_id) VALUES (8, 'danie4', 24, 3);
INSERT INTO dish (dish_id, name, price, category_id) VALUES (9, 'danie5', 63.42, 3);
INSERT INTO dish (dish_id, name, price, category_id) VALUES (11, 'danie6', 2.31, 1);
INSERT INTO dish (dish_id, name, price, category_id) VALUES (12, 'danie7', 45.37, 5);
INSERT INTO dish (dish_id, name, price, category_id) VALUES (13, 'danie8', 16.51, 5);
INSERT INTO dish (dish_id, name, price, category_id) VALUES (14, 'danie9', 10.32, 1);
INSERT INTO dish (dish_id, name, price, category_id) VALUES (15, 'danie10', 48.49, 1);
INSERT INTO dish (dish_id, name, price, category_id) VALUES (16, 'danie11', 11.27, 4);
INSERT INTO dish_restaurant_order (dish_order_id, order_id, dish_id, quantity) VALUES (1, 1, 11, 4);
INSERT INTO dish_restaurant_order (dish_order_id, order_id, dish_id, quantity) VALUES (2, 1, 3, 1);
INSERT INTO dish_restaurant_order (dish_order_id, order_id, dish_id, quantity) VALUES (3, 1, 16, 7);
INSERT INTO dish_restaurant_order (dish_order_id, order_id, dish_id, quantity) VALUES (4, 2, 13, 1);
INSERT INTO dish_restaurant_order (dish_order_id, order_id, dish_id, quantity) VALUES (5, 2, 2, 3);
INSERT INTO dish_restaurant_order (dish_order_id, order_id, dish_id, quantity) VALUES (6, 4, 1, 1);
INSERT INTO dish_restaurant_order (dish_order_id, order_id, dish_id, quantity) VALUES (7, 5, 3, 2);
INSERT INTO dish_restaurant_order (dish_order_id, order_id, dish_id, quantity) VALUES (8, 6, 9, 2);
INSERT INTO dish_restaurant_order (dish_order_id, order_id, dish_id, quantity) VALUES (9, 6, 16, 1);
INSERT INTO dish_restaurant_order (dish_order_id, order_id, dish_id, quantity) VALUES (10, 6, 12, 1);
INSERT INTO dish_restaurant_order (dish_order_id, order_id, dish_id, quantity) VALUES (11, 7, 8, 3);
INSERT INTO dish_restaurant_order (dish_order_id, order_id, dish_id, quantity) VALUES (12, 8, 11, 1);
INSERT INTO dish_restaurant_order (dish_order_id, order_id, dish_id, quantity) VALUES (13, 8, 1, 1);
INSERT INTO dish_restaurant_order (dish_order_id, order_id, dish_id, quantity) VALUES (14, 9, 2, 1);
INSERT INTO dish_restaurant_order (dish_order_id, order_id, dish_id, quantity) VALUES (15, 9, 8, 1);
INSERT INTO dish_restaurant_order (dish_order_id, order_id, dish_id, quantity) VALUES (16, 10, 2, 2);
INSERT INTO dish_restaurant_order (dish_order_id, order_id, dish_id, quantity) VALUES (17, 10, 9, 1);
INSERT INTO dish_restaurant_order (dish_order_id, order_id, dish_id, quantity) VALUES (18, 11, 3, 2);
INSERT INTO dish_restaurant_order (dish_order_id, order_id, dish_id, quantity) VALUES (19, 11, 11, 1);
INSERT INTO dish_ingredient (dish_ingredient_id, dish_id, ingredient_id, quantity) VALUES (1, 1, 1, 34);
INSERT INTO dish_ingredient (dish_ingredient_id, dish_id, ingredient_id, quantity) VALUES (2, 1, 2, 51);
INSERT INTO dish_ingredient (dish_ingredient_id, dish_id, ingredient_id, quantity) VALUES (3, 2, 1, 24);
INSERT INTO dish_ingredient (dish_ingredient_id, dish_id, ingredient_id, quantity) VALUES (4, 2, 4, 3);
INSERT INTO dish_ingredient (dish_ingredient_id, dish_id, ingredient_id, quantity) VALUES (5, 3, 1, 84);
INSERT INTO dish_ingredient (dish_ingredient_id, dish_id, ingredient_id, quantity) VALUES (6, 3, 4, 31);
INSERT INTO dish_ingredient (dish_ingredient_id, dish_id, ingredient_id, quantity) VALUES (7, 3, 7, 24);
INSERT INTO dish_ingredient (dish_ingredient_id, dish_id, ingredient_id, quantity) VALUES (11, 8, 8, 22);
INSERT INTO dish_ingredient (dish_ingredient_id, dish_id, ingredient_id, quantity) VALUES (12, 8, 2, 14);
INSERT INTO dish_ingredient (dish_ingredient_id, dish_id, ingredient_id, quantity) VALUES (13, 9, 8, 10);
INSERT INTO dish_ingredient (dish_ingredient_id, dish_id, ingredient_id, quantity) VALUES (14, 9, 2, 17);
INSERT INTO dish_ingredient (dish_ingredient_id, dish_id, ingredient_id, quantity) VALUES (15, 9, 1, 36);
INSERT INTO dish_ingredient (dish_ingredient_id, dish_id, ingredient_id, quantity) VALUES (16, 9, 7, 14);
INSERT INTO dish_ingredient (dish_ingredient_id, dish_id, ingredient_id, quantity) VALUES (17, 12, 1, 12);
INSERT INTO dish_ingredient (dish_ingredient_id, dish_id, ingredient_id, quantity) VALUES (18, 12, 4, 37);
INSERT INTO dish_ingredient (dish_ingredient_id, dish_id, ingredient_id, quantity) VALUES (19, 13, 2, 54);
INSERT INTO dish_ingredient (dish_ingredient_id, dish_id, ingredient_id, quantity) VALUES (20, 13, 4, 19);
INSERT INTO dish_ingredient (dish_ingredient_id, dish_id, ingredient_id, quantity) VALUES (21, 13, 8, 44);
INSERT INTO dish_ingredient (dish_ingredient_id, dish_id, ingredient_id, quantity) VALUES (22, 14, 2, 34);
INSERT INTO dish_ingredient (dish_ingredient_id, dish_id, ingredient_id, quantity) VALUES (23, 14, 4, 55);
INSERT INTO dish_ingredient (dish_ingredient_id, dish_id, ingredient_id, quantity) VALUES (24, 14, 8, 59);
INSERT INTO dish_ingredient (dish_ingredient_id, dish_id, ingredient_id, quantity) VALUES (25, 14, 7, 57);
INSERT INTO dish_ingredient (dish_ingredient_id, dish_id, ingredient_id, quantity) VALUES (26, 15, 8, 65);
INSERT INTO dish_ingredient (dish_ingredient_id, dish_id, ingredient_id, quantity) VALUES (27, 15, 2, 48);
INSERT INTO dish_ingredient (dish_ingredient_id, dish_id, ingredient_id, quantity) VALUES (28, 16, 1, 34);
INSERT INTO dish_ingredient (dish_ingredient_id, dish_id, ingredient_id, quantity) VALUES (29, 16, 7, 25);
INSERT INTO dish_ingredient (dish_ingredient_id, dish_id, ingredient_id, quantity) VALUES (45, 11, 8, 0.32);